pto;ID_Name;Latitude;Longitude
P0057;Fish_Amazonia_PA;-3.210043;-47.602725
P0060;Fish_Amazonia_PA;-3.365448;-47.834143
P0066;Fish_Amazonia_PA;-3.737259;-48.511228
P0067;Fish_Amazonia_PA;-3.782833;-48.51207
P0070;Fish_Amazonia_PA;-3.716832;-48.134219
P0071;Fish_Amazonia_PA;-3.757758;-48.116052
P0072;Fish_Amazonia_PA;-3.775184;-48.10423
P0076;Fish_Amazonia_PA;-3.398079;-47.777941
P0077;Fish_Amazonia_PA;-3.366245;-47.870424
P0086;Fish_Amazonia_PA;-3.021663;-46.949053
P0087;Fish_Amazonia_PA;-3.086545;-46.969354
P0088;Fish_Amazonia_PA;-3.192067;-47.017891
P0089;Fish_Amazonia_PA;-3.282473;-47.584629
P0093;Fish_Amazonia_PA;-3.669697;-48.514682
P0094;Fish_Amazonia_PA;-3.734168;-48.423867
P0096;Fish_Amazonia_PA;-3.084704;-47.117616
P0098;Fish_Amazonia_PA;-3.068438;-47.118609
P0107;Fish_Amazonia_PA;-2.841301;-55.006581
P0111;Fish_Amazonia_PA;-2.996719;-54.880581
P0112;Fish_Amazonia_PA;-3.039774;-54.91472
P0113;Fish_Amazonia_PA;-3.02558;-54.882136
P0114;Fish_Amazonia_PA;-3.042469;-55.020832
P0118;Fish_Amazonia_PA;-3.293359;-54.879609
P0119;Fish_Amazonia_PA;-3.259748;-54.884025
P0120;Fish_Amazonia_PA;-3.263803;-54.900581
P0121;Fish_Amazonia_PA;-3.297803;-54.964443
P0124;Fish_Amazonia_PA;-3.465332;-54.790525
P0126;Fish_Amazonia_PA;-3.379526;-54.805997
P0132;Fish_Amazonia_PA;-3.185608;-54.971637
P0139;Fish_Amazonia_PA;-3.187997;-54.984387
P0215;Fish_Amazonia_RO;-11.030736;-61.911585
P0218;Fish_Amazonia_RO;-9.421498;-61.821973
P0234;Fish_Amazonia_RO;-9.667455;-62.162111
P0235;Fish_Amazonia_RO;-9.104104;-62.098563
P0236;Fish_Amazonia_RO;-9.121469;-62.124572
P0237;Fish_Amazonia_RO;-9.122196;-62.125936
P0245;Fish_Amazonia_RO;-9.759255;-62.116894
P0248;Fish_Amazonia_RO;-9.806537;-62.147994
P0254;Fish_Amazonia_RO;-11.015002;-61.992865
P0255;Fish_Amazonia_RO;-11.057503;-61.979465
P0256;Fish_Amazonia_RO;-11.092017;-61.977586
P0261;Fish_Amazonia_RO;-11.469437;-61.797183
P0262;Fish_Amazonia_RO;-11.593197;-61.872206
P0263;Fish_Amazonia_RO;-12.873268;-60.462772
P0264;Fish_Amazonia_RO;-12.793207;-60.313832
P0265;Fish_Amazonia_RO;-12.796717;-60.253362
P0266;Fish_Amazonia_RO;-12.785675;-60.409268
P0271;Fish_Amazonia_RO;-11.734409;-61.388532
P0272;Fish_Amazonia_RO;-11.831469;-61.402675
P0277;Fish_Amazonia_RO;-11.870273;-61.426755
P0281;Fish_CamposSulinos_RS;-32.231235;-53.436979
P0282;Fish_CamposSulinos_RS;-32.241086;-53.454674
P0283;Fish_CamposSulinos_RS;-32.252567;-53.39548
P0289;Fish_CamposSulinos_RS;-30.304496;-55.92623
P0290;Fish_CamposSulinos_RS;-30.292338;-55.966083
P0291;Fish_CamposSulinos_RS;-30.28349;-55.97125
P0292;Fish_CamposSulinos_RS;-28.544939;-55.480953
P0293;Fish_CamposSulinos_RS;-28.552564;-55.437127
P0294;Fish_CamposSulinos_RS;-28.51503;-55.469611
P0301;Fish_CamposSulinos_RS;-30.854714;-53.22713
P0302;Fish_CamposSulinos_RS;-30.85017;-53.240583
P0303;Fish_CamposSulinos_RS;-30.823874;-53.194339
P0312;Fish_CamposSulinos_RS;-30.809709;-55.537394
P0314;Fish_CamposSulinos_RS;-30.605547;-55.376349
P0325;Fish_CamposSulinos_RS;-32.256;-53.37567
P0333;Fish_Cerrado_GO;-13.797861;-48.802583
P0334;Fish_Cerrado_GO;-13.776889;-48.828491
P0339;Fish_Cerrado_GO;-13.747194;-48.866556
P0342;Fish_Cerrado_GO;-13.833944;-48.908333
P0343;Fish_Cerrado_GO;-13.826722;-48.902556
P0344;Fish_Cerrado_GO;-13.444444;-48.602806
P0345;Fish_Cerrado_GO;-13.743056;-48.833889
P0349;Fish_Cerrado_GO;-13.480833;-48.620722
P0350;Fish_Cerrado_GO;-13.481944;-48.650611
P0351;Fish_Cerrado_GO;-13.558722;-48.674194
P0352;Fish_Cerrado_GO;-13.546417;-48.681722
P0353;Fish_Cerrado_GO;-13.511944;-48.651667
P0354;Fish_Cerrado_GO;-13.522333;-48.646861
P0355;Fish_Cerrado_GO;-13.417194;-48.607028
P0356;Fish_Cerrado_GO;-13.392222;-48.602611
P0357;Fish_Cerrado_GO;-13.363611;-48.59925
P0358;Fish_Cerrado_GO;-13.339778;-48.612861
P0359;Fish_Cerrado_GO;-13.283944;-48.626722
P0361;Fish_Cerrado_GO;-13.813389;-48.891278
P0362;Fish_Cerrado_GO;-15.0765;-48.9658
P0363;Fish_Cerrado_GO;-15.0947;-48.9862
P0371;Fish_Cerrado_GO;-14.955;-48.9454
P0373;Fish_Cerrado_GO;-15.0503;-48.9555
P0377;Fish_Cerrado_GO;-14.3407;-48.3391
P0379;Fish_Cerrado_GO;-14.3687;-48.7169
P0380;Fish_Cerrado_GO;-14.3939;-48.8105
P0381;Fish_Cerrado_GO;-14.4211;-48.7353
P0382;Fish_Cerrado_GO;-14.3899;-48.3583
P0383;Fish_Cerrado_GO;-14.4501;-48.3702
P0384;Fish_Cerrado_GO;-14.4303;-48.3807
P0391;Fish_Cerrado_MG;-19.306411;-47.542821
P0392;Fish_Cerrado_MG;-19.35887;-47.216649
P0394;Fish_Cerrado_MG;-19.23303;-47.215573
P0398;Fish_Cerrado_MG;-19.017444;-46.873111
P0405;Fish_Cerrado_MG;-19.306116;-47.121536
P0407;Fish_Cerrado_MG;-18.881865;-47.124201
P0410;Fish_Cerrado_MG;-18.934025;-47.062978
P0413;Fish_Cerrado_MG;-19.266275;-47.513836
P0414;Fish_Cerrado_MG;-19.123306;-46.825194
P0419;Fish_Cerrado_MG;-18.932137;-47.116739
P0424;Fish_Cerrado_MG;-19.312146;-47.523249
P0425;Fish_Cerrado_MG;-19.274624;-47.578219
P0427;Fish_Cerrado_MG;-19.231504;-47.149664
P0428;Fish_Cerrado_MG;-19.247063;-47.139254
P0441;Fish_Cerrado_MG;-18.96551;-50.049389
P0444;Fish_Cerrado_MG;-18.971853;-49.698615
P0445;Fish_Cerrado_MG;-18.978665;-49.911258
P0450;Fish_Cerrado_MG;-18.837748;-50.006148
P0461;Fish_Cerrado_MG;-18.952621;-49.784595
P0472;Fish_Cerrado_MG;-18.459969;-44.990179
P0474;Fish_Cerrado_MG;-19.237036;-45.371235
P0476;Fish_Cerrado_MG;-18.404963;-44.98985
P0477;Fish_Cerrado_MG;-19.076318;-45.164636
P0478;Fish_Cerrado_MG;-18.439856;-45.671266
P0480;Fish_Cerrado_MG;-18.542022;-45.611535
P0481;Fish_Cerrado_MG;-19.193392;-45.206606
P0482;Fish_Cerrado_MG;-18.516502;-45.018787
P0486;Fish_Cerrado_MG;-19.2274;-45.237008
P0489;Fish_Cerrado_MG;-18.326619;-45.003445
P0499;Fish_Cerrado_MG;-19.181316;-45.446763
P0507;Fish_Cerrado_MG;-19.148292;-45.436062
P0511;Fish_Cerrado_MG;-19.788006;-47.722379
P0514;Fish_Cerrado_MG;-19.751954;-47.820348
P0518;Fish_Cerrado_MG;-19.855153;-47.818215
P0527;Fish_Cerrado_MG;-19.753246;-47.792154
P0536;Fish_Cerrado_MG;-19.785872;-47.786184
P0547;Fish_Cerrado_MS;-22.94919;-55.59873
P0548;Fish_Cerrado_MS;-23.05401;-55.58702
P0549;Fish_Cerrado_MS;-23.14588;-55.17215
P0553;Fish_Cerrado_MS;-23.07698;-54.15405
P0555;Fish_Cerrado_MS;-22.77628;-54.99106
P0556;Fish_Cerrado_MS;-22.64717;-54.82694
P0559;Fish_Cerrado_MS;-23.21651;-54.02581
P0561;Fish_Cerrado_MS;-22.84408;-54.82436
P0562;Fish_Cerrado_MS;-22.80231;-54.54893
P0564;Fish_Cerrado_MS;-23.0429;-54.51001
P0569;Fish_Cerrado_MS;-22.73446;-54.71685
P0573;Fish_Cerrado_MS;-23.17932;-55.53846
P0574;Fish_Cerrado_MS;-23.2406;-55.53552
P0575;Fish_Cerrado_MS;-23.1687;-55.34413
P0576;Fish_Cerrado_MS;-23.13083;-55.22092
P0577;Fish_Cerrado_MS;-23.10379;-55.17038
P0578;Fish_Cerrado_MS;-23.04425;-55.1143
P0580;Fish_Cerrado_MS;-22.92585;-54.50236
P0593;Fish_Cerrado_MS;-22.86617;-54.58963
P0595;Fish_Cerrado_MS;-22.78275;-54.53992
P0597;Fish_Cerrado_MS;-23.04361;-55.18116
P0609;Fish_Cerrado_MS;-23.019241;-54.230567
P0614;Fish_Cerrado_MS2;-22.14518;-56.30818
P0633;Fish_Cerrado_MS2;-21.97174;-56.7474
P0642;Fish_Cerrado_MS2;-21.08954;-56.73795
P0647;Fish_Cerrado_MS2;-22.19158;-56.08481
P0656;Fish_Cerrado_MS2;-21.75716;-57.1901
P0657;Fish_Cerrado_MS2;-21.67633;-57.17568
P0659;Fish_Cerrado_MS2;-21.72587;-57.03773
P0674;Fish_Cerrado_MS3;-21.657333;-54.424944
P0675;Fish_Cerrado_MS3;-21.56575;-54.485083
P0676;Fish_Cerrado_MS3;-21.539083;-54.557167
P0682;Fish_Cerrado_MS3;-22.153139;-54.939556
P0683;Fish_Cerrado_MS3;-22.6125;-54.036028
P0685;Fish_Cerrado_MS3;-22.872222;-54.076222
P0687;Fish_Cerrado_MS3;-22.223028;-53.750889
P0690;Fish_Cerrado_MS3;-22.311306;-53.952056
P0691;Fish_Cerrado_MS3;-22.316444;-54.185167
P0693;Fish_Cerrado_MS3;-22.523583;-55.466
P0699;Fish_Cerrado_MS3;-21.844528;-54.48725
P0705;Fish_Cerrado_MS3;-22.232833;-54.149056
P0713;Fish_Cerrado_MS3;-22.157444;-55.57175
P0714;Fish_Cerrado_MS3;-21.766028;-55.568667
P0717;Fish_Cerrado_MS3;-21.303694;-55.436667
P0718;Fish_Cerrado_MS3;-21.216028;-55.416278
P0720;Fish_Cerrado_MS3;-22.006639;-53.551806
P0721;Fish_Cerrado_MS3;-22.270111;-54.270278
P0722;Fish_Cerrado_MS3;-22.185083;-54.316972
P0730;Fish_Cerrado_MS3;-21.871722;-54.446889
P0737;Fish_Cerrado_MS3;-22.422111;-54.278222
P0738;Fish_Cerrado_MS3;-22.180389;-54.109972
P0739;Fish_Cerrado_MS3;-22.145222;-54.140056
P0740;Fish_Cerrado_MS3;-22.170194;-54.136111
P0742;Fish_Cerrado_MS3;-22.487917;-54.351694
P0744;Fish_Cerrado_MS3;-22.095778;-55.269361
P0745;Fish_Cerrado_MS3;-22.238167;-53.9495
P0747;Fish_Cerrado_MS3;-22.351472;-53.930222
P0748;Fish_Cerrado_MS3;-22.561361;-53.983342
P0750;Fish_Cerrado_MS3;-22.749417;-54.028389
P0751;Fish_Cerrado_MS3;-22.994778;-54.184472
P0752;Fish_Cerrado_MS3;-22.782806;-54.199944
P0753;Fish_Cerrado_MS3;-22.648778;-54.242361
P0754;Fish_Cerrado_MS3;-22.433972;-55.064361
P0755;Fish_Cerrado_MS3;-22.436722;-55.093861
P0756;Fish_Cerrado_MS3;-22.596028;-55.600556
P0758;Fish_Cerrado_MS3;-21.491472;-54.589306
P0766;Fish_Cerrado_MS3;-22.057222;-55.498028
P0780;Fish_Cerrado_MS3;-21.329028;-55.329028
P0783;Fish_Cerrado_MS3;-22.129694;-54.579278
P0784;Fish_Cerrado_MS3;-21.893333;-54.343778
P0786;Fish_Cerrado_MS3;-23.041639;-54.024056
P0787;Fish_Cerrado_MS3;-22.763194;-53.969833
P0793;Fish_Cerrado_MS3;-23.133333;-53.876111
P0798;Fish_Cerrado_MS3;-22.581472;-54.328361
P0799;Fish_Cerrado_MS3;-22.603417;-54.340778
P0802;Fish_Cerrado_MS3;-22.602833;-53.9385
P0804;Fish_Cerrado_MS3;-21.94183;-55.70272
P0805;Fish_Cerrado_MS3;-21.80758;-55.65744
P0806;Fish_Cerrado_MS3;-21.34994;-55.53342
P0807;Fish_Cerrado_MS3;-21.25867;-55.53669
P0810;Fish_Cerrado_MS3;-22.198569;-54.690304
P0812;Fish_Cerrado_MS3;-22.095546;-54.552002
P0819;Fish_Cerrado_MS3;-22.25629;-54.86129
P0821;Fish_Cerrado_MS3;-22.557378;-55.623394
P0824;Fish_Cerrado_MS3;-22.483465;-55.242073
P0825;Fish_Cerrado_MS3;-22.290982;-54.562171
P0830;Fish_Cerrado_MS3;-22.26527;-53.835482
P0832;Fish_Cerrado_MS3;-21.941386;-54.84665
P0835;Fish_Cerrado_MS3;-22.204921;-54.881643
P0836;Fish_Cerrado_MS3;-22.220884;-54.918114
P0837;Fish_Cerrado_MS3;-22.210763;-54.913785
P0844;Fish_Cerrado_MS3;-22.312387;-54.842315
P0849;Fish_Cerrado_MS3;-22.381333;-53.889722
P0872;Fish_Cerrado_MS3;-22.35417;-54.940721
P0889;Fish_Cerrado_MS3;-22.2894;-54.31873
P0890;Fish_Cerrado_MS3;-22.28602;-54.17278
P0891;Fish_Cerrado_MS3;-22.30312;-53.80622
P0895;Fish_Cerrado_MS3;-22.29321;-53.76251
P0896;Fish_Cerrado_MS3;-22.21137;-53.90292
P0897;Fish_Cerrado_MS3;-22.20297;-53.92812
P0903;Fish_Cerrado_MS3;-22.2453;-54.05251
P0904;Fish_Cerrado_MS3;-22.19177;-53.64944
P0905;Fish_Cerrado_MS3;-22.13218;-53.99947
P0907;Fish_Cerrado_MS4;-21.97072;-55.95173
P0908;Fish_Cerrado_MS4;-21.8989;-56.05018
P0909;Fish_Cerrado_MS4;-21.82586;-56.10278
P0919;Fish_Cerrado_MS4;-21.65833;-56.02726
P0922;Fish_Cerrado_MS4;-19.77643;-54.51244
P0923;Fish_Cerrado_MS4;-19.744;-54.64326
P0935;Fish_Cerrado_MS4;-20.65782;-55.14295
P0937;Fish_Cerrado_MS4;-20.80774;-54.88499
P0938;Fish_Cerrado_MS4;-20.88995;-54.94744
P0941;Fish_Cerrado_MS4;-21.95381;-55.84067
P0944;Fish_Cerrado_MS4;-21.88867;-55.78406
P0951;Fish_Cerrado_MT;-15.853734;-52.254766
P0953;Fish_Cerrado_MT;-15.854124;-52.136784
P0955;Fish_Cerrado_MT;-15.875474;-52.220117
P0970;Fish_Cerrado_MT;-15.71715047;-52.63596973
P0971;Fish_Cerrado_MT;-15.74185373;-52.62227507
P0972;Fish_Cerrado_MT;-15.75594019;-52.58935291
P0974;Fish_Cerrado_MT;-15.97608951;-52.3752345
P0975;Fish_Cerrado_MT;-15.96025229;-52.36101308
P0978;Fish_Cerrado_MT;-15.94042403;-52.42811823
P0979;Fish_Cerrado_MT;-15.86024775;-52.20240227
P0981;Fish_Cerrado_MT;-15.95347083;-52.13151695
P0982;Fish_Cerrado_MT;-15.78437415;-52.36235896
P0983;Fish_Cerrado_MT;-15.89842086;-52.18840224
P1018;Fish_MAtlantica_PR;-26.249419;-50.455832
P1025;Fish_MAtlantica_PR;-26.361554;-50.541335
P1030;Fish_MAtlantica_PR;-25.591663;-49.942123
P1032;Fish_MAtlantica_PR;-25.590102;-49.495963
P1033;Fish_MAtlantica_PR;-25.598704;-49.712226
P1034;Fish_MAtlantica_PR;-25.779297;-49.139057
P1035;Fish_MAtlantica_PR;-25.589437;-49.691576
P1037;Fish_MAtlantica_PR;-26.311363;-50.13643
P1040;Fish_MAtlantica_PR;-25.543093;-49.886077
P1050;Fish_MAtlantica_PR;-26.154086;-50.282479
P1055;Fish_MAtlantica_PR;-25.583689;-49.644379
P1057;Fish_MAtlantica_PR;-26.325166;-50.018271
P1070;Fish_MAtlantica_PR;-25.83688;-49.135434
P1071;Fish_MAtlantica_PR;-25.491373;-49.653604
P1073;Fish_MAtlantica_PR;-25.653984;-49.572053
P1077;Fish_MAtlantica_PR;-26.112772;-49.455536
P1078;Fish_MAtlantica_PR;-26.173485;-49.39709
P1079;Fish_MAtlantica_PR;-26.158883;-49.362218
P1081;Fish_MAtlantica_PR;-25.289828;-48.678691
P1083;Fish_MAtlantica_PR;-25.25622;-48.67675
P1089;Fish_MAtlantica_PR2;-23.328953;-51.890558
P1110;Fish_MAtlantica_PR2;-23.359442;-51.914231
P1186;Fish_MAtlantica_SP;-20.822333;-49.563056
P1187;Fish_MAtlantica_SP;-20.779167;-49.581167
P1188;Fish_MAtlantica_SP;-20.714722;-49.71
P1190;Fish_MAtlantica_SP;-20.717361;-49.811528
P1191;Fish_MAtlantica_SP;-20.687917;-49.884917
P1192;Fish_MAtlantica_SP;-20.625444;-49.892611
P1193;Fish_MAtlantica_SP;-20.612889;-49.96825
P1194;Fish_MAtlantica_SP;-20.542056;-49.935306
P1199;Fish_MAtlantica_SP;-20.475722;-49.886972
P1200;Fish_MAtlantica_SP;-20.458917;-50.242583
P1201;Fish_MAtlantica_SP;-20.444222;-50.263278
P1203;Fish_MAtlantica_SP;-20.314361;-50.384667
P1204;Fish_MAtlantica_SP;-20.376389;-50.450917
P1206;Fish_MAtlantica_SP;-20.528222;-50.320833
P1210;Fish_MAtlantica_SP;-20.597083;-50.758111
P1211;Fish_MAtlantica_SP;-20.524667;-51.049
P1218;Fish_MAtlantica_SP;-20.431583;-50.813972
P1219;Fish_MAtlantica_SP;-20.518917;-50.926972
P1221;Fish_MAtlantica_SP;-20.288806;-49.925417
P1222;Fish_MAtlantica_SP;-20.204444;-49.96025
P1228;Fish_MAtlantica_SP;-19.97275;-50.447278
P1230;Fish_MAtlantica_SP;-20.155;-50.437556
P1233;Fish_MAtlantica_SP;-20.142444;-50.379861
P1242;Fish_MAtlantica_SP;-20.103306;-49.923278
P1243;Fish_MAtlantica_SP;-20.190917;-49.86775
P1244;Fish_MAtlantica_SP;-20.109972;-49.823472
P1249;Fish_MAtlantica_SP;-20.195806;-49.416111
P1251;Fish_MAtlantica_SP;-20.151861;-49.556694
P1252;Fish_MAtlantica_SP;-20.207194;-49.546917
P1256;Fish_MAtlantica_SP;-20.286861;-49.531667
P1257;Fish_MAtlantica_SP;-20.325389;-49.399944
P1258;Fish_MAtlantica_SP;-20.384667;-49.400444
P1261;Fish_MAtlantica_SP;-20.702028;-49.406083
P1262;Fish_MAtlantica_SP;-20.584917;-49.450139
P1263;Fish_MAtlantica_SP;-20.689944;-49.451139
P1264;Fish_MAtlantica_SP;-20.720167;-49.223333
P1265;Fish_MAtlantica_SP;-20.694639;-49.08175
P1271;Fish_MAtlantica_SP;-20.852556;-49.2345
P1276;Fish_MAtlantica_SP;-21.051944;-48.800278
P1289;Fish_MAtlantica_SP2;-22.134517;-47.728228
P1292;Fish_MAtlantica_SP2;-22.113722;-47.702513
P1294;Fish_MAtlantica_SP2;-22.155779;-47.632514
P1295;Fish_MAtlantica_SP2;-22.138027;-47.705545
P1297;Fish_MAtlantica_SP2;-22.152586;-47.604796
P1298;Fish_MAtlantica_SP2;-22.148003;-47.614238
P1299;Fish_MAtlantica_SP2;-22.164807;-47.705786
P1303;Fish_MAtlantica_SP2;-22.264122;-47.68139
P1304;Fish_MAtlantica_SP2;-22.251638;-47.662106
P1307;Fish_MAtlantica_SP2;-22.305968;-47.67503
P1311;Fish_MAtlantica_SP2;-22.340545;-47.803463
P1312;Fish_MAtlantica_SP2;-22.342315;-47.799249
P1313;Fish_MAtlantica_SP2;-22.36334;-47.891996
P1314;Fish_MAtlantica_SP2;-22.362523;-47.891213
P1317;Fish_MAtlantica_SP2;-22.285449;-47.831412
P1319;Fish_MAtlantica_SP2;-22.360013;-47.835683
P1320;Fish_MAtlantica_SP2;-22.399225;-47.84736
P1321;Fish_MAtlantica_SP2;-22.4003;-47.841179
P1322;Fish_MAtlantica_SP2;-22.410102;-47.883985
P1323;Fish_MAtlantica_SP2;-22.401036;-47.866956
P1324;Fish_MAtlantica_SP2;-22.516729;-47.75498
P1325;Fish_MAtlantica_SP2;-22.402167;-47.810843
P1326;Fish_MAtlantica_SP2;-22.420712;-47.79078
P1343;Fish_MAtlantica_SP2;-22.191033;-47.608316
P1346;Fish_MAtlantica_SP2;-22.286253;-47.621963
P1348;Fish_MAtlantica_SP2;-22.195299;-47.575716
P1349;Fish_MAtlantica_SP2;-22.195219;-47.59549
P1350;Fish_MAtlantica_SP2;-22.214797;-47.608697
P1352;Fish_MAtlantica_SP2;-22.182587;-47.581988
P3224;Fish_Amazonia_MT;-9.900258;-59.191291
P3225;Fish_Amazonia_MT;-9.913694;-59.118771
P3237;Fish_Amazonia_MT;-11.449072;-59.072198
P3238;Fish_Amazonia_MT;-11.458547;-59.053786
P3239;Fish_Amazonia_MT;-11.460389;-59.037241
P3240;Fish_Amazonia_MT;-11.463599;-59.031922
P3241;Fish_Amazonia_MT;-11.508836;-59.083063
P3242;Fish_Amazonia_MT;-11.447033;-59.146873
P3245;Fish_Amazonia_MT;-11.467404;-59.124734
P3246;Fish_Amazonia_MT;-11.530351;-58.825896
P3247;Fish_Amazonia_MT;-11.512006;-58.847949
P3248;Fish_Amazonia_MT;-11.487667;-58.809802
P3249;Fish_Amazonia_MT;-11.535163;-58.717219
;;;
;;;
;;;
;;;
;;;
;;;
;;;
;;;
;;;
;;;
;;;
;;;
;;;
;;;
;;;
;;;
;;;
;;;
;;;
;;;
;;;
;;;
;;;
;;;
;;;
;;;
;;;
;;;
;;;
;;;
;;;
;;;
;;;
;;;
;;;
;;;
;;;
;;;
;;;
;;;
;;;
;;;
;;;
;;;
;;;
;;;
;;;
;;;
;;;
;;;
;;;
;;;
;;;
;;;
;;;
;;;
;;;
;;;
;;;
;;;
;;;
;;;
;;;
;;;
;;;
;;;
;;;
;;;
;;;
;;;
;;;
;;;
;;;
;;;
;;;
;;;
;;;
;;;
;;;
;;;
;;;
;;;
;;;
;;;
;;;
;;;
;;;
;;;
;;;
;;;
;;;
;;;
;;;
;;;
;;;
;;;
;;;
;;;
;;;
;;;
;;;
;;;
;;;
;;;
;;;
;;;
;;;
;;;
;;;
;;;
;;;
;;;
;;;
;;;
;;;
;;;
;;;
;;;
;;;
;;;
;;;
;;;
;;;
;;;
;;;
;;;
;;;
P0304;Fish_CamposSulinos_RS;-30.102347;-54.307873
P0305;Fish_CamposSulinos_RS;-30.092249;-54.305257
P0306;Fish_CamposSulinos_RS;-30.125123;-54.326217
P0310;Fish_CamposSulinos_RS;-30.995075;-55.403403
P0311;Fish_CamposSulinos_RS;-31.001799;-55.326052
P0313;Fish_CamposSulinos_RS;-30.846739;-55.409159
P0317;Fish_CamposSulinos_RS;-29.293941;-54.034254
P0318;Fish_CamposSulinos_RS;-29.317881;-54.122079
P0320;Fish_CamposSulinos_RS;-29.345179;-54.389707
P0321;Fish_CamposSulinos_RS;-31.297286;-52.809736
P0322;Fish_CamposSulinos_RS;-30.972135;-52.762276
P0323;Fish_CamposSulinos_RS;-31.152153;-52.803984
P0324;Fish_CamposSulinos_RS;-31.288816;-53.095001
P0326;Fish_CamposSulinos_RS;-32.32692;-53.25821
P0327;Fish_CamposSulinos_RS;-30.432216;-56.312233
P0328;Fish_CamposSulinos_RS;-30.423272;-56.266185
P0329;Fish_CamposSulinos_RS;-29.958534;-56.784917
P0330;Fish_CamposSulinos_RS;-31.299124;-53.935986
P0331;Fish_CamposSulinos_RS;-31.390222;-53.848249
P0332;Fish_CamposSulinos_RS;-31.250968;-54.352204
P0335;Fish_Cerrado_GO;-13.982833;-49.071278
P0336;Fish_Cerrado_GO;-13.96975;-48.984333
P0337;Fish_Cerrado_GO;-13.905917;-48.979139
P0338;Fish_Cerrado_GO;-13.908083;-48.929139
P0340;Fish_Cerrado_GO;-13.745222;-48.863306
P0341;Fish_Cerrado_GO;-13.860083;-48.917389
P0346;Fish_Cerrado_GO;-13.647778;-48.791389
P0347;Fish_Cerrado_GO;-13.617583;-48.761306
P0348;Fish_Cerrado_GO;-13.604639;-48.737722
P0360;Fish_Cerrado_GO;-13.251167;-48.673861
P0364;Fish_Cerrado_GO;-15.0498;-48.9554
P0365;Fish_Cerrado_GO;-15.0184;-48.9556
P0366;Fish_Cerrado_GO;-15.0045;-48.9517
P0367;Fish_Cerrado_GO;-14.9932;-48.939
P0368;Fish_Cerrado_GO;-15.0976;-49.0403
P0369;Fish_Cerrado_GO;-15.1117;-49.027
P0370;Fish_Cerrado_GO;-14.9357;-48.9232
P0372;Fish_Cerrado_GO;-14.8839;-48.8828
P0374;Fish_Cerrado_GO;-14.1837;-48.351
P0375;Fish_Cerrado_GO;-14.2116;-48.3281
P0376;Fish_Cerrado_GO;-14.2571;-48.3307
P0378;Fish_Cerrado_GO;-14.2691;-48.7271
P0385;Fish_Cerrado_GO;-14.1072;-48.3603
P0393;Fish_Cerrado_MG;-19.212139;-46.9922
P0395;Fish_Cerrado_MG;-19.465058;-46.890797
P0396;Fish_Cerrado_MG;-19.401197;-47.646861
P0399;Fish_Cerrado_MG;-19.127917;-47.043083
P0400;Fish_Cerrado_MG;-19.310018;-47.254823
P0401;Fish_Cerrado_MG;-19.266833;-46.820031
P0402;Fish_Cerrado_MG;-19.109514;-47.084284
P0403;Fish_Cerrado_MG;-18.969154;-47.279494
P0404;Fish_Cerrado_MG;-19.206478;-47.037183
P0406;Fish_Cerrado_MG;-19.641745;-47.472555
P0408;Fish_Cerrado_MG;-19.020223;-47.365551
P0409;Fish_Cerrado_MG;-19.228772;-46.98775
P0411;Fish_Cerrado_MG;-19.036043;-47.257622
P0412;Fish_Cerrado_MG;-19.395978;-46.831897
P0415;Fish_Cerrado_MG;-19.361874;-47.671514
P0416;Fish_Cerrado_MG;-19.246983;-47.413418
P0417;Fish_Cerrado_MG;-19.453752;-46.839487
P0420;Fish_Cerrado_MG;-19.062219;-47.774998
P0421;Fish_Cerrado_MG;-19.410894;-46.872461
P0422;Fish_Cerrado_MG;-19.41226;-47.061601
P0423;Fish_Cerrado_MG;-19.298374;-47.253484
P0426;Fish_Cerrado_MG;-19.535692;-46.99066
P0429;Fish_Cerrado_MG;-19.595857;-46.927844
P0430;Fish_Cerrado_MG;-18.738912;-50.83651
P0432;Fish_Cerrado_MG;-18.358483;-49.362826
P0438;Fish_Cerrado_MG;-19.027611;-49.908954
P0440;Fish_Cerrado_MG;-18.825997;-49.697588
P0443;Fish_Cerrado_MG;-18.206769;-50.033928
P0446;Fish_Cerrado_MG;-18.373072;-50.551812
P0447;Fish_Cerrado_MG;-18.677803;-49.629902
P0448;Fish_Cerrado_MG;-18.716668;-50.781318
P0452;Fish_Cerrado_MG;-19.036572;-49.963256
P0453;Fish_Cerrado_MG;-19.06999;-49.635862
P0454;Fish_Cerrado_MG;-18.301672;-49.93072
P0455;Fish_Cerrado_MG;-18.983432;-49.775918
P0456;Fish_Cerrado_MG;-18.921649;-50.099015
P0457;Fish_Cerrado_MG;-18.815331;-49.509978
P0459;Fish_Cerrado_MG;-18.381226;-50.661859
P0460;Fish_Cerrado_MG;-18.244817;-50.097041
P0465;Fish_Cerrado_MG;-18.408353;-50.663775
P0466;Fish_Cerrado_MG;-18.678434;-49.613684
P0467;Fish_Cerrado_MG;-18.960155;-49.470701
P0468;Fish_Cerrado_MG;-18.491776;-49.480439
P0469;Fish_Cerrado_MG;-18.754217;-44.958474
P0470;Fish_Cerrado_MG;-18.918413;-44.667792
P0471;Fish_Cerrado_MG;-18.847152;-45.564563
P0473;Fish_Cerrado_MG;-18.987939;-45.699053
P0475;Fish_Cerrado_MG;-19.101209;-45.675096
P0479;Fish_Cerrado_MG;-19.08668;-45.452754
P0483;Fish_Cerrado_MG;-19.10718;-45.14472
P0484;Fish_Cerrado_MG;-18.73558;-44.828801
P0485;Fish_Cerrado_MG;-18.881782;-45.006665
P0487;Fish_Cerrado_MG;-19.013064;-45.016429
P0488;Fish_Cerrado_MG;-18.788019;-45.530813
P0490;Fish_Cerrado_MG;-18.332197;-45.115348
P0491;Fish_Cerrado_MG;-18.995661;-45.256506
P0492;Fish_Cerrado_MG;-18.837261;-44.781817
P0493;Fish_Cerrado_MG;-18.441159;-45.120108
P0494;Fish_Cerrado_MG;-19.318129;-45.51255
P0495;Fish_Cerrado_MG;-19.085373;-45.02714
P0496;Fish_Cerrado_MG;-18.953091;-45.63662
P0497;Fish_Cerrado_MG;-19.039049;-44.695065
P0498;Fish_Cerrado_MG;-18.389372;-45.00995
P0500;Fish_Cerrado_MG;-19.051082;-45.639112
P0501;Fish_Cerrado_MG;-18.995438;-45.518223
P0502;Fish_Cerrado_MG;-18.944262;-44.625789
P0503;Fish_Cerrado_MG;-18.883145;-45.54447
P0504;Fish_Cerrado_MG;-18.773127;-45.520671
P0505;Fish_Cerrado_MG;-18.240737;-45.21177
P0506;Fish_Cerrado_MG;-18.625778;-44.956894
P0508;Fish_Cerrado_MG;-19.760722;-47.846979
P0509;Fish_Cerrado_MG;-20.125753;-47.778612
P0510;Fish_Cerrado_MG;-19.903217;-47.969932
P0512;Fish_Cerrado_MG;-20.022131;-48.032154
P0513;Fish_Cerrado_MG;-19.833332;-47.669734
P0515;Fish_Cerrado_MG;-19.825433;-47.9837
P0516;Fish_Cerrado_MG;-19.904436;-48.121881
P0517;Fish_Cerrado_MG;-19.919275;-48.023869
P0519;Fish_Cerrado_MG;-19.918016;-48.087395
P0520;Fish_Cerrado_MG;-19.898212;-47.903007
P0521;Fish_Cerrado_MG;-19.785882;-48.070135
P0522;Fish_Cerrado_MG;-20.293251;-47.741601
P0523;Fish_Cerrado_MG;-19.879057;-48.22781
P0524;Fish_Cerrado_MG;-19.985028;-48.114682
P0525;Fish_Cerrado_MG;-20.084811;-47.817608
P0526;Fish_Cerrado_MG;-20.170955;-47.741123
P0528;Fish_Cerrado_MG;-20.323383;-47.702782
P0529;Fish_Cerrado_MG;-19.933174;-47.967084
P0530;Fish_Cerrado_MG;-20.080842;-47.771783
P0531;Fish_Cerrado_MG;-19.95341;-47.972899
P0532;Fish_Cerrado_MG;-19.786592;-47.799686
P0533;Fish_Cerrado_MG;-19.870802;-48.058457
P0534;Fish_Cerrado_MG;-19.82184;-48.092436
P0535;Fish_Cerrado_MG;-20.296842;-47.830562
P0537;Fish_Cerrado_MG;-19.969213;-48.087906
P0538;Fish_Cerrado_MG;-19.883886;-47.963697
P0539;Fish_Cerrado_MG;-20.06549;-47.799902
P0540;Fish_Cerrado_MG;-19.83062;-47.71641
P0541;Fish_Cerrado_MG;-20.09421;-47.767009
P0542;Fish_Cerrado_MG;-20.285922;-47.779759
P0543;Fish_Cerrado_MG;-20.215606;-47.73909
P0544;Fish_Cerrado_MG;-20.104921;-47.753707
P0545;Fish_Cerrado_MG;-20.329009;-47.779392
P0546;Fish_Cerrado_MS;-22.91117;-55.40256
P0550;Fish_Cerrado_MS;-23.11029;-54.93577
P0551;Fish_Cerrado_MS;-22.86108;-54.700195
P0552;Fish_Cerrado_MS;-23.00119;-54.30733
P0554;Fish_Cerrado_MS;-22.72305;-54.93172
P0557;Fish_Cerrado_MS;-23.26721;-53.98981
P0558;Fish_Cerrado_MS;-23.34117;-53.86389
P0560;Fish_Cerrado_MS;-23.17726;-54.445547
P0565;Fish_Cerrado_MS;-22.75309;-55.60146
P0566;Fish_Cerrado_MS;-22.55908;-55.47057
P0567;Fish_Cerrado_MS;-22.79251;-55.22477
P0568;Fish_Cerrado_MS;-22.64299;-55.1878
P0570;Fish_Cerrado_MS;-22.85443;-54.63698
P0572;Fish_Cerrado_MS;-22.7712;-55.63221
P0581;Fish_Cerrado_MS;-23.26085;-54.19849
P0582;Fish_Cerrado_MS;-23.28015;-54.12569
P0583;Fish_Cerrado_MS;-23.22593;-54.2188
P0584;Fish_Cerrado_MS;-23.26357;-54.26957
P0585;Fish_Cerrado_MS;-23.18626;-54.41059
P0586;Fish_Cerrado_MS;-23.08512;-54.49495
P0588;Fish_Cerrado_MS;-22.70997;-55.09578
P0589;Fish_Cerrado_MS;-22.61004;-55.06682
P0590;Fish_Cerrado_MS;-22.99765;-54.99375
P0591;Fish_Cerrado_MS;-22.9135;-54.80117
P0594;Fish_Cerrado_MS;-22.87357;-54.5351
P0596;Fish_Cerrado_MS;-23.28894;-53.96099
P0598;Fish_Cerrado_MS;-22.70961111;-55.09691667
P0599;Fish_Cerrado_MS;-22.61141667;-55.42225
P0600;Fish_Cerrado_MS;-23.137743;-54.201276
P0601;Fish_Cerrado_MS;-23.122429;-54.217509
P0602;Fish_Cerrado_MS;-23.079078;-54.234559
P0603;Fish_Cerrado_MS;-23.119598;-54.212804
P0604;Fish_Cerrado_MS;-23.067784;-54.236821
P0605;Fish_Cerrado_MS;-23.069212;-54.230874
P0606;Fish_Cerrado_MS;-23.049455;-54.245218
P0607;Fish_Cerrado_MS;-23.059068;-54.215078
P0608;Fish_Cerrado_MS;-23.039891;-54.198988
P0610;Fish_Cerrado_MS2;-22.17139;-56.19987
P0611;Fish_Cerrado_MS2;-22.08248;-56.32409
P0612;Fish_Cerrado_MS2;-22.07086;-56.42082
P0613;Fish_Cerrado_MS2;-22.00539;-56.49126
P0615;Fish_Cerrado_MS2;-21.98326;-56.54484
P0616;Fish_Cerrado_MS2;-21.92389;-56.55424
P0617;Fish_Cerrado_MS2;-21.96051;-56.43805
P0618;Fish_Cerrado_MS2;-21.92791;-56.38885
P0619;Fish_Cerrado_MS2;-21.83352;-56.29022
P0620;Fish_Cerrado_MS2;-22.21141;-56.83846
P0621;Fish_Cerrado_MS2;-22.20177;-56.78748
P0622;Fish_Cerrado_MS2;-22.15642;-56.79964
P0623;Fish_Cerrado_MS2;-22.04436;-56.64331
P0624;Fish_Cerrado_MS2;-22.00507;-56.71503
P0625;Fish_Cerrado_MS2;-22.03029;-57.0365
P0626;Fish_Cerrado_MS2;-21.97575;-56.76841
P0627;Fish_Cerrado_MS2;-22.09589;-56.56481
P0628;Fish_Cerrado_MS2;-21.73584;-56.60452
P0629;Fish_Cerrado_MS2;-21.98197;-56.7083
P0630;Fish_Cerrado_MS2;-21.95074;-56.7059
P0631;Fish_Cerrado_MS2;-21.99424;-56.7316
P0632;Fish_Cerrado_MS2;-21.94332;-56.7595
P0634;Fish_Cerrado_MS2;-21.39124;-56.8096
P0636;Fish_Cerrado_MS2;-21.82076;-57.23557
P0637;Fish_Cerrado_MS2;-21.97013;-56.79573
P0638;Fish_Cerrado_MS2;-22.01072;-57.03733
P0639;Fish_Cerrado_MS2;-22.00971;-57.07977
P0640;Fish_Cerrado_MS2;-22.12034;-57.26581
P0641;Fish_Cerrado_MS2;-21.86323;-57.24613
P0643;Fish_Cerrado_MS2;-21.68202;-56.76036
P0644;Fish_Cerrado_MS2;-21.71193;-56.83736
P0645;Fish_Cerrado_MS2;-21.77866;-56.98776
P0646;Fish_Cerrado_MS2;-22.03133;-55.87583
P0648;Fish_Cerrado_MS2;-22.09506;-55.88919
P0649;Fish_Cerrado_MS2;-22.054986;-57.250429
P0651;Fish_Cerrado_MS2;-22.213635;-55.944959
P0652;Fish_Cerrado_MS2;-22.040028;-55.94053
P0653;Fish_Cerrado_MS2;-22.19838;-55.95455
P0654;Fish_Cerrado_MS2;-22.22512;-56.02025
P0655;Fish_Cerrado_MS2;-22.2327;-55.90558
P0658;Fish_Cerrado_MS2;-21.93398;-57.25383
P0677;Fish_Cerrado_MS3;-22.04625;-55.308028
P0678;Fish_Cerrado_MS3;-21.479736;-54.350306
P0679;Fish_Cerrado_MS3;-21.574083;-54.227333
P0680;Fish_Cerrado_MS3;-21.774194;-53.943444
P0681;Fish_Cerrado_MS3;-22.208611;-54.825556
P0684;Fish_Cerrado_MS3;-22.776694;-54.051194
P0686;Fish_Cerrado_MS3;-22.434694;-53.91875
P0688;Fish_Cerrado_MS3;-22.238694;-54.069083
P0689;Fish_Cerrado_MS3;-22.524917;-53.550083
P0692;Fish_Cerrado_MS3;-22.406194;-55.176333
P0694;Fish_Cerrado_MS3;-21.742833;-55.012472
P0696;Fish_Cerrado_MS3;-21.546806;-55.176806
P0697;Fish_Cerrado_MS3;-21.825556;-55.151722
P0698;Fish_Cerrado_MS3;-21.950194;-54.631083
P0700;Fish_Cerrado_MS3;-21.618944;-54.630778
P0701;Fish_Cerrado_MS3;-21.530444;-55.242861
P0702;Fish_Cerrado_MS3;-22.015889;-55.100306
P0703;Fish_Cerrado_MS3;-22.56425;-55.141972
P0704;Fish_Cerrado_MS3;-22.550389;-54.800417
P0706;Fish_Cerrado_MS3;-22.0865;-54.0835
P0707;Fish_Cerrado_MS3;-22.114722;-53.910167
P0708;Fish_Cerrado_MS3;-22.411556;-54.184833
P0709;Fish_Cerrado_MS3;-22.40475;-54.384333
P0710;Fish_Cerrado_MS3;-22.309417;-55.755972
P0711;Fish_Cerrado_MS3;-22.211139;-55.916389
P0712;Fish_Cerrado_MS3;-22.269889;-55.542222
P0715;Fish_Cerrado_MS3;-21.9805;-55.392944
P0716;Fish_Cerrado_MS3;-21.609278;-55.58425
P0719;Fish_Cerrado_MS3;-21.019722;-55.12125
P0723;Fish_Cerrado_MS3;-22.059917;-54.787139
P0724;Fish_Cerrado_MS3;-21.925111;-54.699806
P0725;Fish_Cerrado_MS3;-21.910917;-54.808861
P0726;Fish_Cerrado_MS3;-21.730556;-55.026528
P0727;Fish_Cerrado_MS3;-21.588417;-54.974472
P0728;Fish_Cerrado_MS3;-21.492111;-54.820917
P0731;Fish_Cerrado_MS3;-22.504472;-55.3135
P0732;Fish_Cerrado_MS3;-22.411694;-54.673694
P0733;Fish_Cerrado_MS3;-22.4875;-54.655889
P0734;Fish_Cerrado_MS3;-22.436139;-54.516722
P0735;Fish_Cerrado_MS3;-22.430917;-54.514194
P0736;Fish_Cerrado_MS3;-22.460639;-54.303611
P0741;Fish_Cerrado_MS3;-22.454361;-54.136806
P0743;Fish_Cerrado_MS3;-22.172167;-54.970333
P0746;Fish_Cerrado_MS3;-22.376861;-53.868972
P0749;Fish_Cerrado_MS3;-22.67525;-54.044694
P0757;Fish_Cerrado_MS3;-22.503417;-55.69775
P0759;Fish_Cerrado_MS3;-21.400083;-54.665917
P0760;Fish_Cerrado_MS3;-21.360306;-54.696889
P0761;Fish_Cerrado_MS3;-20.914111;-54.919222
P0762;Fish_Cerrado_MS3;-21.020361;-54.935167
P0763;Fish_Cerrado_MS3;-21.054194;-54.935667
P0764;Fish_Cerrado_MS3;-21.501306;-55.164611
P0765;Fish_Cerrado_MS3;-22.101306;-55.151056
P0767;Fish_Cerrado_MS3;-22.024528;-55.473167
P0768;Fish_Cerrado_MS3;-21.994194;-55.654639
P0769;Fish_Cerrado_MS3;-22.03525;-55.793972
P0770;Fish_Cerrado_MS3;-22.056;-55.801778
P0771;Fish_Cerrado_MS3;-22.283889;-55.83025
P0772;Fish_Cerrado_MS3;-22.133028;-53.768472
P0773;Fish_Cerrado_MS3;-21.904611;-53.546139
P0774;Fish_Cerrado_MS3;-21.99425;-53.570111
P0775;Fish_Cerrado_MS3;-22.306139;-53.395722
P0776;Fish_Cerrado_MS3;-22.466994;-53.579306
P0777;Fish_Cerrado_MS3;-21.460278;-55.332528
P0778;Fish_Cerrado_MS3;-21.393833;-55.341972
P0779;Fish_Cerrado_MS3;-21.321667;-55.348389
P0781;Fish_Cerrado_MS3;-21.722417;-55.496028
P0782;Fish_Cerrado_MS3;-21.671306;-55.445444
P0788;Fish_Cerrado_MS3;-22.275853;-53.287967
P0789;Fish_Cerrado_MS3;-22.231083;-53.064389
P0790;Fish_Cerrado_MS3;-22.350417;-53.342889
P0791;Fish_Cerrado_MS3;-22.497222;-53.41025
P0792;Fish_Cerrado_MS3;-22.68456;-54.482452
P0794;Fish_Cerrado_MS3;-22.606611;-53.832667
P0795;Fish_Cerrado_MS3;-21.893583;-53.488639
P0796;Fish_Cerrado_MS3;-21.8825;-53.240639
P0797;Fish_Cerrado_MS3;-22.525694;-54.324583
P0800;Fish_Cerrado_MS3;-22.528361;-54.190333
P0801;Fish_Cerrado_MS3;-22.437333;-54.122694
P0803;Fish_Cerrado_MS3;-22.692611;-53.752694
P0808;Fish_Cerrado_MS3;-21.31347;-55.06572
P0809;Fish_Cerrado_MS3;-22.195553;-54.772008
P0811;Fish_Cerrado_MS3;-22.100479;-54.649977
P0813;Fish_Cerrado_MS3;-22.228707;-54.791463
P0814;Fish_Cerrado_MS3;-22.228872;-54.791078
P0815;Fish_Cerrado_MS3;-22.235071;-54.793931
P0816;Fish_Cerrado_MS3;-22.246993;-54.767393
P0817;Fish_Cerrado_MS3;-22.301559;-54.734691
P0818;Fish_Cerrado_MS3;-22.244111;-54.770979
P0820;Fish_Cerrado_MS3;-22.469152;-54.808311
P0822;Fish_Cerrado_MS3;-22.242314;-54.258712
P0823;Fish_Cerrado_MS3;-22.294744;-54.365234
P0826;Fish_Cerrado_MS3;-22.451923;-55.503347
P0827;Fish_Cerrado_MS3;-22.261864;-55.269468
P0828;Fish_Cerrado_MS3;-22.417626;-53.9038
P0829;Fish_Cerrado_MS3;-22.258282;-53.810673
P0831;Fish_Cerrado_MS3;-22.019551;-54.764369
P0838;Fish_Cerrado_MS3;-22.251404;-54.88781
P0839;Fish_Cerrado_MS3;-22.259737;-54.87832
P0840;Fish_Cerrado_MS3;-22.308582;-54.855533
P0841;Fish_Cerrado_MS3;-22.312387;-54.842315
P0842;Fish_Cerrado_MS3;-22.337875;-54.846674
P0843;Fish_Cerrado_MS3;-22.337875;-54.846674
P0845;Fish_Cerrado_MS3;-22.416111;-53.994917
P0846;Fish_Cerrado_MS3;-22.386222;-53.960528
P0847;Fish_Cerrado_MS3;-22.384056;-53.988528
P0848;Fish_Cerrado_MS3;-22.445286;-53.897114
P0850;Fish_Cerrado_MS3;-22.092528;-53.976722
P0851;Fish_Cerrado_MS3;-22.072944;-53.828639
P0852;Fish_Cerrado_MS3;-22.048333;-53.754972
P0853;Fish_Cerrado_MS3;-22.034833;-53.722194
P0854;Fish_Cerrado_MS3;-22.024167;-53.793778
P0855;Fish_Cerrado_MS3;-22.008056;-53.779722
P0856;Fish_Cerrado_MS3;-21.998167;-53.761972
P0857;Fish_Cerrado_MS3;-22.153806;-52.664972
P0858;Fish_Cerrado_MS3;-22.186537;-54.825388
P0859;Fish_Cerrado_MS3;-22.193784;-54.788143
P0860;Fish_Cerrado_MS3;-22.204616;-54.835024
P0861;Fish_Cerrado_MS3;-22.204037;-54.793611
P0862;Fish_Cerrado_MS3;-22.175933;-54.734315
P0863;Fish_Cerrado_MS3;-22.232014;-54.841617
P0864;Fish_Cerrado_MS3;-22.25154;-54.826924
P0865;Fish_Cerrado_MS3;-22.258967;-54.819122
P0866;Fish_Cerrado_MS3;-22.246008;-54.799868
P0867;Fish_Cerrado_MS3;-22.259048;-54.796707
P0868;Fish_Cerrado_MS3;-22.229413;-54.831277
P0869;Fish_Cerrado_MS3;-22.233967;-54.830776
P0870;Fish_Cerrado_MS3;-22.235924;-54.812687
P0871;Fish_Cerrado_MS3;-22.256107;-54.820149
P0878;Fish_Cerrado_MS3;-21.958889;-54.796694
P0880;Fish_Cerrado_MS3;-21.501386;-55.165151
P0892;Fish_Cerrado_MS3;-21.81585;-54.55
P0893;Fish_Cerrado_MS3;-22.08895;-54.78138
P0894;Fish_Cerrado_MS3;-22.24453;-54.81437
P0898;Fish_Cerrado_MS3;-22.14593;-54.83144
P0899;Fish_Cerrado_MS3;-21.95155;-54.7034
P0900;Fish_Cerrado_MS3;-22.29103;-54.66816
P0910;Fish_Cerrado_MS4;-21.75523;-56.20934
P0911;Fish_Cerrado_MS4;-21.66144;-56.24993
P0913;Fish_Cerrado_MS4;-21.29995;-56.43377
P0915;Fish_Cerrado_MS4;-21.20448;-56.35594
P0916;Fish_Cerrado_MS4;-21.59979;-56.42474
P0917;Fish_Cerrado_MS4;-21.61962;-56.24234
P0921;Fish_Cerrado_MS4;-19.88618;-54.44405
P0924;Fish_Cerrado_MS4;-20.32718;-54.78675
P0925;Fish_Cerrado_MS4;-19.92256;-54.89219
P0926;Fish_Cerrado_MS4;-20.04571;-54.77832
P0927;Fish_Cerrado_MS4;-20.11004;-54.77401
P0928;Fish_Cerrado_MS4;-20.21865;-54.77985
P0929;Fish_Cerrado_MS4;-20.43206;-54.83317
P0931;Fish_Cerrado_MS4;-20.4686;-55.69741
P0932;Fish_Cerrado_MS4;-20.45084;-55.62155
P0933;Fish_Cerrado_MS4;-20.48983;-55.60015
P0934;Fish_Cerrado_MS4;-20.53518;-55.5554
P0936;Fish_Cerrado_MS4;-20.54468;-54.95784
P0939;Fish_Cerrado_MS4;-20.74954;-55.15714
P0940;Fish_Cerrado_MS4;-21.1377;-55.69862
P0942;Fish_Cerrado_MS4;-21.07812;-56.55743
P0943;Fish_Cerrado_MS4;-21.03092;-56.61361
P0945;Fish_Cerrado_MS4;-21.72194;-55.77833
P0946;Fish_Cerrado_MS4;-21.49017;-55.66211
P0947;Fish_Cerrado_MS4;-21.47739;-55.66942
P0948;Fish_Cerrado_MS4;-21.18953;-55.44431
P0949;Fish_Cerrado_MS4;-21.00008;-55.20372
P0950;Fish_Cerrado_MS4;-21.54143;-56.6649
P0952;Fish_Cerrado_MT;-15.859477;-52.281642
P0954;Fish_Cerrado_MT;-15.820095;-52.072124
P0957;Fish_Cerrado_MT;-15.828849;-52.30716
P0958;Fish_Cerrado_MT;-15.842582;-52.306907
P0959;Fish_Cerrado_MT;-15.859306;-52.310274
P0960;Fish_Cerrado_MT;-15.741952;-52.09382
P0961;Fish_Cerrado_MT;-15.595504;-52.376995
P0962;Fish_Cerrado_MT;-15.654146;-52.341054
P0963;Fish_Cerrado_MT;-15.676866;-52.296876
P0964;Fish_Cerrado_MT;-15.768081;-52.15897
P0965;Fish_Cerrado_MT;-15.765042;-52.19796
P0966;Fish_Cerrado_MT;-15.711797;-52.258691
P0967;Fish_Cerrado_MT;-15.799178;-52.293155
P0968;Fish_Cerrado_MT;-15.56744601;-52.52407029
P0969;Fish_Cerrado_MT;-15.55535509;-52.46990477
P0973;Fish_Cerrado_MT;-15.8056668;-52.42986835
P0976;Fish_Cerrado_MT;-15.90117189;-52.48340875
P0977;Fish_Cerrado_MT;-15.89456288;-52.47001911
P0980;Fish_Cerrado_MT;-15.93253827;-52.02101279
P0984;Fish_Cerrado_MT;-15.98448182;-52.28199379
P0985;Fish_Cerrado_MT;-15.94135769;-52.25430317
P0986;Fish_Cerrado_MT;-14.67945;-52.364883
P0987;Fish_Cerrado_MT;-14.781834;-52.607383
P0988;Fish_Cerrado_MT;-14.74045;-52.590283
P0989;Fish_Cerrado_MT;-14.733197;-52.568117
P0991;Fish_Cerrado_MT;-14.752623;-52.691805
P0992;Fish_Cerrado_MT;-14.73295;-52.625617
P0993;Fish_Cerrado_MT;-14.648133;-52.47395
P0994;Fish_Cerrado_MT;-14.7001;-52.693417
P0996;Fish_Cerrado_MT;-14.830833;-52.296467
P0997;Fish_Cerrado_MT;-14.805817;-52.3032
P0998;Fish_Cerrado_MT;-14.624383;-52.381017
P0999;Fish_Cerrado_MT;-15.0902;-52.2174
P1000;Fish_Cerrado_MT;-15.179733;-52.181483
P1012;Fish_MAtlantica_PR;-26.161777;-50.980238
P1013;Fish_MAtlantica_PR;-25.334312;-52.21143
P1014;Fish_MAtlantica_PR;-26.360826;-50.352759
P1015;Fish_MAtlantica_PR;-26.233969;-50.801559
P1016;Fish_MAtlantica_PR;-26.382609;-50.905455
P1017;Fish_MAtlantica_PR;-26.293183;-50.624826
P1019;Fish_MAtlantica_PR;-25.591947;-53.631498
P1020;Fish_MAtlantica_PR;-25.591912;-53.631468
P1021;Fish_MAtlantica_PR;-25.510294;-53.532691
P1022;Fish_MAtlantica_PR;-25.574699;-53.497885
P1023;Fish_MAtlantica_PR;-25.899881;-51.600358
P1024;Fish_MAtlantica_PR;-26.287182;-50.583467
P1026;Fish_MAtlantica_PR;-26.357391;-50.330258
P1027;Fish_MAtlantica_PR;-26.195526;-50.307547
P1028;Fish_MAtlantica_PR;-26.191957;-50.263342
P1029;Fish_MAtlantica_PR;-26.21263;-50.211512
P1031;Fish_MAtlantica_PR;-25.589823;-49.690348
P1036;Fish_MAtlantica_PR;-26.13996;-50.29442
P1038;Fish_MAtlantica_PR;-25.378231;-49.236733
P1039;Fish_MAtlantica_PR;-26.357391;-50.330258
P1041;Fish_MAtlantica_PR;-25.585888;-49.73352
P1042;Fish_MAtlantica_PR;-26.212446;-50.393172
P1043;Fish_MAtlantica_PR;-26.098372;-49.310493
P1044;Fish_MAtlantica_PR;-25.620807;-49.255462
P1045;Fish_MAtlantica_PR;-26.285397;-50.623719
P1046;Fish_MAtlantica_PR;-25.468536;-52.116438
P1047;Fish_MAtlantica_PR;-26.133528;-50.85945
P1048;Fish_MAtlantica_PR;-25.538502;-49.714701
P1049;Fish_MAtlantica_PR;-25.548887;-49.807681
P1051;Fish_MAtlantica_PR;-26.193789;-50.256095
P1052;Fish_MAtlantica_PR;-26.219554;-50.356426
P1053;Fish_MAtlantica_PR;-25.444809;-49.120826
P1054;Fish_MAtlantica_PR;-25.388807;-49.099364
P1056;Fish_MAtlantica_PR;-25.905154;-51.596102
P1058;Fish_MAtlantica_PR;-25.585993;-49.240886
P1059;Fish_MAtlantica_PR;-25.635452;-49.085607
P1060;Fish_MAtlantica_PR;-25.624521;-49.085004
P1061;Fish_MAtlantica_PR;-25.640821;-49.072376
P1062;Fish_MAtlantica_PR;-25.843915;-49.727502
P1063;Fish_MAtlantica_PR;-26.080567;-49.597577
P1064;Fish_MAtlantica_PR;-25.407664;-49.160276
P1065;Fish_MAtlantica_PR;-25.48978;-49.090468
P1066;Fish_MAtlantica_PR;-25.496941;-48.999294
P1067;Fish_MAtlantica_PR;-25.497185;-48.998603
P1068;Fish_MAtlantica_PR;-26.119217;-49.462212
P1069;Fish_MAtlantica_PR;-25.595365;-53.486322
P1072;Fish_MAtlantica_PR;-25.979656;-49.371372
P1074;Fish_MAtlantica_PR;-25.464409;-49.453551
P1075;Fish_MAtlantica_PR;-26.189227;-50.308185
P1076;Fish_MAtlantica_PR;-26.159521;-50.238443
P1080;Fish_MAtlantica_PR;-24.137075;-50.892287
P1082;Fish_MAtlantica_PR;-25.256541;-48.676486
P1084;Fish_MAtlantica_PR;-25.247684;-48.532812
P1085;Fish_MAtlantica_PR;-23.667222;-55.205556
P1086;Fish_MAtlantica_PR2;-23.379539;-51.907544
P1087;Fish_MAtlantica_PR2;-23.373419;-51.896828
P1088;Fish_MAtlantica_PR2;-23.3706;-51.889839
P1090;Fish_MAtlantica_PR2;-23.317892;-51.891486
P1091;Fish_MAtlantica_PR2;-23.30655;-51.892506
P1092;Fish_MAtlantica_PR2;-23.415044;-51.874039
P1093;Fish_MAtlantica_PR2;-23.412372;-51.853842
P1094;Fish_MAtlantica_PR2;-23.404942;-51.840664
P1095;Fish_MAtlantica_PR2;-23.410483;-51.950225
P1096;Fish_MAtlantica_PR2;-23.384789;-51.947181
P1097;Fish_MAtlantica_PR2;-23.354147;-51.957722
P1098;Fish_MAtlantica_PR2;-23.372325;-51.929333
P1099;Fish_MAtlantica_PR2;-23.365139;-51.927042
P1100;Fish_MAtlantica_PR2;-23.344392;-51.931281
P1101;Fish_MAtlantica_PR2;-23.413772;-51.963047
P1102;Fish_MAtlantica_PR2;-23.401111;-51.9675
P1103;Fish_MAtlantica_PR2;-23.381111;-51.970556
P1104;Fish_MAtlantica_PR2;-23.375222;-52.024042
P1105;Fish_MAtlantica_PR2;-23.360906;-52.017356
P1106;Fish_MAtlantica_PR2;-23.345822;-52.014353
P1107;Fish_MAtlantica_PR2;-23.382325;-51.996425
P1108;Fish_MAtlantica_PR2;-23.367792;-51.97875
P1109;Fish_MAtlantica_PR2;-23.358544;-51.965783
P1111;Fish_MAtlantica_PR2;-23.348972;-51.914531
P1112;Fish_MAtlantica_PR2;-23.336558;-51.918847
P1113;Fish_MAtlantica_PR2;-23.399028;-51.859339
P1114;Fish_MAtlantica_PR2;-23.396489;-51.850581
P1115;Fish_MAtlantica_PR2;-23.392972;-51.845839
P1162;Fish_MAtlantica_PR4;-23.348972;-51.914531
P1163;Fish_MAtlantica_PR4;-23.373419;-51.896828
P1164;Fish_MAtlantica_PR4;-23.317892;-51.891486
P1165;Fish_MAtlantica_PR4;-23.412372;-51.853842
P1166;Fish_MAtlantica_PR4;-23.384789;-51.947181
P1167;Fish_MAtlantica_PR4;-23.365139;-51.927097
P1168;Fish_MAtlantica_PR4;-23.401289;-51.967658
P1169;Fish_MAtlantica_PR4;-23.360906;-52.017356
P1170;Fish_MAtlantica_PR4;-23.367792;-51.97875
P1171;Fish_MAtlantica_PR4;-23.396489;-51.850581
P1172;Fish_MAtlantica_PR4;-25.080444;-53.22525
P1173;Fish_MAtlantica_PR4;-25.040222;-53.343306
P1174;Fish_MAtlantica_PR4;-25.101722;-53.311056
P1175;Fish_MAtlantica_PR4;-25.520889;-53.600917
P1176;Fish_MAtlantica_PR4;-25.363528;-53.172028
P1177;Fish_MAtlantica_PR4;-25.011556;-53.33175
P1178;Fish_MAtlantica_PR4;-25.475333;-53.614694
P1179;Fish_MAtlantica_PR4;-25.20425;-53.181583
P1180;Fish_MAtlantica_PR4;-25.20425;-53.149056
P1181;Fish_MAtlantica_PR4;-24.946278;-53.469
P1182;Fish_MAtlantica_PR4;-24.287011;-53.828475
P1183;Fish_MAtlantica_PR4;-24.756389;-53.709167
P1184;Fish_MAtlantica_PR4;-25.613344;-54.431692
P1185;Fish_MAtlantica_PR4;-25.572028;-54.504456
P1189;Fish_MAtlantica_SP;-20.608111;-49.711639
P1195;Fish_MAtlantica_SP;-20.674278;-50.021083
P1196;Fish_MAtlantica_SP;-20.631472;-50.0215
P1197;Fish_MAtlantica_SP;-20.637889;-50.15275
P1198;Fish_MAtlantica_SP;-20.597583;-50.281722
P1202;Fish_MAtlantica_SP;-20.329417;-50.284417
P1205;Fish_MAtlantica_SP;-20.462889;-50.472389
P1207;Fish_MAtlantica_SP;-20.602472;-50.422222
P1208;Fish_MAtlantica_SP;-20.628639;-50.371611
P1209;Fish_MAtlantica_SP;-20.60575;-50.568056
P1212;Fish_MAtlantica_SP;-20.382944;-50.585722
P1213;Fish_MAtlantica_SP;-20.424528;-50.602917
P1214;Fish_MAtlantica_SP;-20.463472;-50.585028
P1215;Fish_MAtlantica_SP;-20.308139;-50.641278
P1216;Fish_MAtlantica_SP;-20.347583;-50.6785
P1217;Fish_MAtlantica_SP;-20.386472;-50.78175
P1220;Fish_MAtlantica_SP;-20.151639;-50.912917
P1223;Fish_MAtlantica_SP;-20.371972;-50.050361
P1224;Fish_MAtlantica_SP;-20.261333;-50.147611
P1225;Fish_MAtlantica_SP;-20.135806;-50.186306
P1226;Fish_MAtlantica_SP;-20.087833;-50.206944
P1227;Fish_MAtlantica_SP;-20.013806;-50.04
P1229;Fish_MAtlantica_SP;-20.243611;-50.484861
P1231;Fish_MAtlantica_SP;-20.168472;-50.492833
P1232;Fish_MAtlantica_SP;-20.128806;-50.491361
P1234;Fish_MAtlantica_SP;-20.222111;-50.687722
P1235;Fish_MAtlantica_SP;-20.196778;-50.638583
P1236;Fish_MAtlantica_SP;-20.144167;-50.732611
P1237;Fish_MAtlantica_SP;-20.056944;-50.688917
P1238;Fish_MAtlantica_SP;-19.991417;-50.622083
P1239;Fish_MAtlantica_SP;-20.143028;-50.775917
P1240;Fish_MAtlantica_SP;-20.133389;-50.815778
P1241;Fish_MAtlantica_SP;-20.079306;-50.941194
P1245;Fish_MAtlantica_SP;-20.297389;-49.816194
P1246;Fish_MAtlantica_SP;-20.36925;-49.832861
P1247;Fish_MAtlantica_SP;-20.426222;-49.813778
P1248;Fish_MAtlantica_SP;-20.190278;-49.309667
P1250;Fish_MAtlantica_SP;-20.094889;-49.672861
P1253;Fish_MAtlantica_SP;-20.402361;-49.6855
P1254;Fish_MAtlantica_SP;-20.491639;-49.328139
P1255;Fish_MAtlantica_SP;-20.423389;-49.616056
P1259;Fish_MAtlantica_SP;-20.652306;-49.556139
P1260;Fish_MAtlantica_SP;-20.631528;-49.686167
P1266;Fish_MAtlantica_SP;-20.676944;-49.038194
P1267;Fish_MAtlantica_SP;-20.905444;-49.34175
P1268;Fish_MAtlantica_SP;-20.812111;-49.465083
P1269;Fish_MAtlantica_SP;-20.785;-49.457778
P1270;Fish_MAtlantica_SP;-20.986444;-49.190917
P1272;Fish_MAtlantica_SP;-20.703639;-48.942222
P1273;Fish_MAtlantica_SP;-20.939167;-48.830167
P1274;Fish_MAtlantica_SP;-20.772556;-48.808611
P1275;Fish_MAtlantica_SP;-20.938167;-48.677583
P1277;Fish_MAtlantica_SP;-21.212083;-48.951583
P1278;Fish_MAtlantica_SP;-21.214583;-48.742806
P1279;Fish_MAtlantica_SP;-21.118056;-48.504444
P1280;Fish_MAtlantica_SP;-21.166556;-48.604111
P1287;Fish_MAtlantica_SP2;-22.128492;-47.703503
P1288;Fish_MAtlantica_SP2;-22.129475;-47.703017
P1290;Fish_MAtlantica_SP2;-22.15142;-47.700345
P1291;Fish_MAtlantica_SP2;-22.132004;-47.689317
P1293;Fish_MAtlantica_SP2;-22.11396;-47.700668
P1296;Fish_MAtlantica_SP2;-22.155769;-47.633114
P1300;Fish_MAtlantica_SP2;-22.165054;-47.714242
P1301;Fish_MAtlantica_SP2;-22.169075;-47.638199
P1302;Fish_MAtlantica_SP2;-22.259305;-47.660322
P1305;Fish_MAtlantica_SP2;-22.298801;-47.67338
P1306;Fish_MAtlantica_SP2;-22.297195;-47.674406
P1308;Fish_MAtlantica_SP2;-22.243798;-47.673401
P1309;Fish_MAtlantica_SP2;-22.243734;-47.673419
P1310;Fish_MAtlantica_SP2;-22.352935;-47.797375
P1315;Fish_MAtlantica_SP2;-22.361712;-47.884597
P1316;Fish_MAtlantica_SP2;-22.285629;-47.831464
P1318;Fish_MAtlantica_SP2;-22.378618;-47.852511
P1327;Fish_MAtlantica_SP2;-22.480776;-47.774442
P1328;Fish_MAtlantica_SP2;-22.480352;-47.773394
P1329;Fish_MAtlantica_SP2;-22.498779;-47.771605
P1330;Fish_MAtlantica_SP2;-22.499899;-47.75998
P1331;Fish_MAtlantica_SP2;-22.49166;-47.772434
P1332;Fish_MAtlantica_SP2;-22.457801;-47.7061
P1333;Fish_MAtlantica_SP2;-22.462053;-47.688817
P1340;Fish_MAtlantica_SP2;-22.378306;-47.779761
P1342;Fish_MAtlantica_SP2;-22.278197;-47.594643
P1344;Fish_MAtlantica_SP2;-22.274352;-47.609772
P1345;Fish_MAtlantica_SP2;-22.298929;-47.594376
P1351;Fish_MAtlantica_SP2;-22.177084;-47.584621
P3216;Fish_Amazonia_MT;-10.196428;-59.488555
P3217;Fish_Amazonia_MT;-10.155108;-59.435033
P3218;Fish_Amazonia_MT;-10.162795;-59.440382
P3219;Fish_Amazonia_MT;-10.177817;-59.369902
P3220;Fish_Amazonia_MT;-10.127209;-59.425693
P3221;Fish_Amazonia_MT;-10.190479;-59.409385
P3222;Fish_Amazonia_MT;-10.018266;-59.432227
P3223;Fish_Amazonia_MT;-10.046039;-59.456332
P3226;Fish_Amazonia_MT;-10.137457;-59.415819
P3227;Fish_Amazonia_MT;-10.177414;-59.363221
P3228;Fish_Amazonia_MT;-10.1342;-59.497221
P3229;Fish_Amazonia_MT;-10.11523;-59.524825
P3230;Fish_Amazonia_MT;-10.260656;-59.284917
P3231;Fish_Amazonia_MT;-10.333233;-59.366832
P3232;Fish_Amazonia_MT;-10.349635;-59.36199
P3233;Fish_Amazonia_MT;-10.364575;-59.360614
P3234;Fish_Amazonia_MT;-10.433215;-59.361349
P3235;Fish_Amazonia_MT;-10.780366;-59.226911
P3236;Fish_Amazonia_MT;-10.75534;-59.258222
P3243;Fish_Amazonia_MT;-11.535197;-59.194033
P3244;Fish_Amazonia_MT;-11.516733;-59.203613
P3250;Fish_Amazonia_MT;-11.358202;-58.763725
P3251;Fish_Amazonia_MT;-11.369682;-58.771308
P3252;Fish_Amazonia_MT;-11.301226;-58.707797
P3253;Fish_Amazonia_MT;-11.255353;-58.596153
P3254;Fish_Amazonia_MT;-11.282816;-58.572929
P3255;Fish_Amazonia_MT;-11.341664;-58.601137
P3256;Fish_Amazonia_MT;-11.3458;-58.378199
P3257;Fish_Amazonia_MT;-11.259874;-58.874683
P3258;Fish_Amazonia_MT;-11.278766;-58.858897
P3259;Fish_Amazonia_MT;-11.310704;-58.809048
P3260;Fish_Amazonia_MT;-11.347709;-58.74195
P3261;Fish_Amazonia_MT;-9.858936;-58.252358
P3262;Fish_Amazonia_MT;-9.869732;-58.327993
P3263;Fish_Amazonia_MT;-9.823275;-58.256254
P3264;Fish_Amazonia_MT;-9.925013;-58.504436
P3265;Fish_Amazonia_MT;-9.910882;-58.421323
P3266;Fish_Amazonia_MT;-9.850585;-58.265804
P3267;Fish_Amazonia_MT;-9.863929;-58.278411
P3268;Fish_Amazonia_MT;-9.882067;-58.567501
P3269;Fish_Amazonia_MT;-9.889195;-58.564891
P3270;Fish_Amazonia_MT;-9.902111;-58.565782
P3271;Fish_Amazonia_MT;-9.805447;-58.392063
P3272;Fish_Amazonia_MT;-9.828744;-58.373124
P3273;Fish_Amazonia_MT;-9.811818;-58.338984
P3274;Fish_Amazonia_MT;-10.019605;-58.470552
P3275;Fish_Amazonia_MT;-10.020634;-58.483209
